model,auc,auc_std,f1,precision,recall,pr_auc,time_sec
LogisticRegression,0.8496837691177452,0.012653382338023286,0.6338653276735569,0.5297720711702858,0.7895,0.6724674029556363,1.6693952083587646
CatBoost,0.8405821886803654,0.008499124652282766,0.6270605971944393,0.5381512784987585,0.7529444444444444,0.6582043640006523,0.7882871627807617
LightGBM,0.8309376648337377,0.011449073435912756,0.6192467887484103,0.5407711162338573,0.725265873015873,0.6424300382460923,1.8136839866638184
RandomForest,0.8271049921339892,0.013132780418795523,0.5429695030763316,0.6361971594345982,0.4746031746031745,0.62455988913072,2.061321973800659
XGBoost,0.8219062586730189,0.013718308137732213,0.5906087437842855,0.5510281371869472,0.6369563492063492,0.6276837900279322,0.3235971927642822
